ID,Pred
2019_1101_1113,0.10953595
2019_1101_1120,0.021565156
2019_1101_1124,0.2590544
2019_1101_1125,0.10013876
2019_1101_1133,0.2738897
2019_1101_1138,0.027712027
2019_1101_1153,0.059429903
2019_1101_1159,0.18554308
2019_1101_1181,0.006345686
2019_1101_1192,0.6423951
2019_1101_1196,0.10414771
2019_1101_1199,0.020089997
2019_1101_1205,0.25357175
2019_1101_1209,0.17219795
2019_1101_1211,0.0076804017
2019_1101_1222,0.037966013
2019_1101_1233,0.5245684
2019_1101_1234,0.06654638
2019_1101_1235,0.044518802
2019_1101_1242,0.021280563
2019_1101_1243,0.017903531
2019_1101_1246,0.000198962
2019_1101_1251,0.17855257
2019_1101_1257,0.036668036
2019_1101_1261,0.024457386
2019_1101_1266,0.06901123
2019_1101_1268,0.08815978
2019_1101_1276,0.03298641
2019_1101_1277,0.0057073766
2019_1101_1278,0.07928238
2019_1101_1279,0.10418232
2019_1101_1280,0.035440776
2019_1101_1285,0.21592085
2019_1101_1293,0.08762455
2019_1101_1295,0.38596037
2019_1101_1297,0.22005893
2019_1101_1300,0.7956123
2019_1101_1305,0.058174554
2019_1101_1308,0.107805274
2019_1101_1314,0.015223517
2019_1101_1318,0.15686771
2019_1101_1326,0.09521711
2019_1101_1328,0.0735495
2019_1101_1330,0.23240636
2019_1101_1332,0.15505624
2019_1101_1341,0.6261945
2019_1101_1345,0.019278552
2019_1101_1371,0.10462451
2019_1101_1385,0.18725759
2019_1101_1387,0.14816329
2019_1101_1388,0.089742705
2019_1101_1393,0.061805934
2019_1101_1396,0.13926601
2019_1101_1397,0.016998962
2019_1101_1403,0.048864648
2019_1101_1414,0.13966535
2019_1101_1416,0.10584943
2019_1101_1429,0.07559942
2019_1101_1433,0.09228384
2019_1101_1436,0.15820934
2019_1101_1437,0.05648876
2019_1101_1438,0.0075939544
2019_1101_1439,0.038967077
2019_1101_1449,0.08200387
2019_1101_1458,0.023486573
2019_1101_1459,0.026750907
2019_1101_1463,0.15336424
2019_1113_1120,0.08689539
2019_1113_1124,0.5203764
2019_1113_1125,0.46494848
2019_1113_1133,0.81717074
2019_1113_1138,0.13936986
2019_1113_1153,0.31118703
2019_1113_1159,0.77522284
2019_1113_1181,0.016253121
2019_1113_1192,0.91424215
2019_1113_1196,0.38365436
2019_1113_1199,0.06864318
2019_1113_1205,0.8133487
2019_1113_1209,0.73102427
2019_1113_1211,0.029745372
2019_1113_1222,0.14448994
2019_1113_1233,0.8688007
2019_1113_1234,0.16794518
2019_1113_1235,0.143695
2019_1113_1242,0.078014575
2019_1113_1243,0.07428029
2019_1113_1246,0.0503461
2019_1113_1251,0.66878814
2019_1113_1257,0.14444204
2019_1113_1261,0.11460978
2019_1113_1266,0.3088873
2019_1113_1268,0.15170063
2019_1113_1276,0.04711964
2019_1113_1277,0.01752355
2019_1113_1278,0.27707285
2019_1113_1279,0.45776752
2019_1113_1280,0.110832974
2019_1113_1285,0.7615398
2019_1113_1293,0.4285566
2019_1113_1295,0.83843976
2019_1113_1297,0.76799744
2019_1113_1300,0.95636815
2019_1113_1305,0.27634096
2019_1113_1308,0.4348246
2019_1113_1314,0.04524807
2019_1113_1318,0.7109196
2019_1113_1326,0.3590756
2019_1113_1328,0.30233368
2019_1113_1330,0.7328908
2019_1113_1332,0.5637935
2019_1113_1341,0.9318854
2019_1113_1345,0.06749622
2019_1113_1371,0.48802358
2019_1113_1385,0.65385765
2019_1113_1387,0.6722597
2019_1113_1388,0.3742972
2019_1113_1393,0.23294364
2019_1113_1396,0.6671144
2019_1113_1397,0.0503461
2019_1113_1403,0.10531174
2019_1113_1414,0.69713074
2019_1113_1416,0.37820533
2019_1113_1429,0.3761933
2019_1113_1433,0.45443064
2019_1113_1436,0.7129928
2019_1113_1437,0.2701464
2019_1113_1438,0.014692281
2019_1113_1439,0.12512448
2019_1113_1449,0.3974595
2019_1113_1458,0.09644444
2019_1113_1459,0.14460957
2019_1113_1463,0.70539474
2019_1120_1124,0.89736265
2019_1120_1125,0.86761564
2019_1120_1133,0.972022
2019_1120_1138,0.7258121
2019_1120_1153,0.7960527
2019_1120_1159,0.9466102
2019_1120_1181,0.11054214
2019_1120_1192,0.9828629
2019_1120_1196,0.89110553
2019_1120_1199,0.4682302
2019_1120_1205,0.9607527
2019_1120_1209,0.9369393
2019_1120_1211,0.18653212
2019_1120_1222,0.71894765
2019_1120_1233,0.97637504
2019_1120_1234,0.71588224
2019_1120_1235,0.8105192
2019_1120_1242,0.51396257
2019_1120_1243,0.62911785
2019_1120_1246,0.3572557
2019_1120_1251,0.9510508
2019_1120_1257,0.78524137
2019_1120_1261,0.61269945
2019_1120_1266,0.80829084
2019_1120_1268,0.76096976
2019_1120_1276,0.3654851
2019_1120_1277,0.13624486
2019_1120_1278,0.7024021
2019_1120_1279,0.86231905
2019_1120_1280,0.7453484
2019_1120_1285,0.9561829
2019_1120_1293,0.8472081
2019_1120_1295,0.971377
2019_1120_1297,0.9510508
2019_1120_1300,0.9912436
2019_1120_1305,0.8017145
2019_1120_1308,0.8213665
2019_1120_1314,0.28349194
2019_1120_1318,0.9293898
2019_1120_1326,0.81955343
2019_1120_1328,0.76214206
2019_1120_1330,0.95660686
2019_1120_1332,0.9229614
2019_1120_1341,0.9832934
2019_1120_1345,0.48808447
2019_1120_1371,0.8567166
2019_1120_1385,0.914923
2019_1120_1387,0.93054
2019_1120_1388,0.8973788
2019_1120_1393,0.7482738
2019_1120_1396,0.9191917
2019_1120_1397,0.3572557
2019_1120_1403,0.5892732
2019_1120_1414,0.91047525
2019_1120_1416,0.79695356
2019_1120_1429,0.83361095
2019_1120_1433,0.85009897
2019_1120_1436,0.93763334
2019_1120_1437,0.75412625
2019_1120_1438,0.10406594
2019_1120_1439,0.63894284
2019_1120_1449,0.7959006
2019_1120_1458,0.53697014
2019_1120_1459,0.76622665
2019_1120_1463,0.94222516
2019_1124_1125,0.34033284
2019_1124_1133,0.7834538
2019_1124_1138,0.14297512
2019_1124_1153,0.24551773
2019_1124_1159,0.6854895
2019_1124_1181,0.023865735
2019_1124_1192,0.847177
2019_1124_1196,0.38692242
2019_1124_1199,0.08801886
2019_1124_1205,0.7615898
2019_1124_1209,0.6530325
2019_1124_1211,0.04376724
2019_1124_1222,0.17646761
2019_1124_1233,0.8491348
2019_1124_1234,0.15553449
2019_1124_1235,0.20460103
2019_1124_1242,0.10401905
2019_1124_1243,0.098132275
2019_1124_1246,0.06521335
2019_1124_1251,0.6320727
2019_1124_1257,0.19199273
2019_1124_1261,0.11994895
2019_1124_1266,0.2638638
2019_1124_1268,0.1870979
2019_1124_1276,0.08231491
2019_1124_1277,0.031237142
2019_1124_1278,0.20165807
2019_1124_1279,0.41709086
2019_1124_1280,0.14966714
2019_1124_1285,0.688082
2019_1124_1293,0.32400337
2019_1124_1295,0.80296
2019_1124_1297,0.7023534
2019_1124_1300,0.91532665
2019_1124_1305,0.23139578
2019_1124_1308,0.3236784
2019_1124_1314,0.055975504
2019_1124_1318,0.6447489
2019_1124_1326,0.31788027
2019_1124_1328,0.22418715
2019_1124_1330,0.666374
2019_1124_1332,0.52984005
2019_1124_1341,0.8758354
2019_1124_1345,0.09304869
2019_1124_1371,0.348791
2019_1124_1385,0.5497483
2019_1124_1387,0.57523835
2019_1124_1388,0.34357068
2019_1124_1393,0.23127021
2019_1124_1396,0.56954527
2019_1124_1397,0.06521335
2019_1124_1403,0.13757667
2019_1124_1414,0.5629949
2019_1124_1416,0.29309464
2019_1124_1429,0.3341388
2019_1124_1433,0.39965248
2019_1124_1436,0.6031412
2019_1124_1437,0.21277702
2019_1124_1438,0.02578536
2019_1124_1439,0.1467934
2019_1124_1449,0.29463586
2019_1124_1458,0.12829721
2019_1124_1459,0.18811378
2019_1124_1463,0.62244374
2019_1125_1133,0.76963985
2019_1125_1138,0.15749848
2019_1125_1153,0.3506735
2019_1125_1159,0.6927457
2019_1125_1181,0.018715514
2019_1125_1192,0.92079115
2019_1125_1196,0.39102414
2019_1125_1199,0.07841021
2019_1125_1205,0.7468318
2019_1125_1209,0.65061533
2019_1125_1211,0.034294665
2019_1125_1222,0.18229482
2019_1125_1233,0.87219924
2019_1125_1234,0.18897453
2019_1125_1235,0.16588059
2019_1125_1242,0.08898761
2019_1125_1243,0.08752554
2019_1125_1246,0.057670906
2019_1125_1251,0.66746354
2019_1125_1257,0.1619253
2019_1125_1261,0.13000423
2019_1125_1266,0.35331258
2019_1125_1268,0.1999718
2019_1125_1276,0.062083904
2019_1125_1277,0.02045335
2019_1125_1278,0.28811353
2019_1125_1279,0.51439923
2019_1125_1280,0.13311769
2019_1125_1285,0.67613953
2019_1125_1293,0.43039206
2019_1125_1295,0.8204654
2019_1125_1297,0.73917234
2019_1125_1300,0.9608121
2019_1125_1305,0.3059524
2019_1125_1308,0.4366663
2019_1125_1314,0.051871676
2019_1125_1318,0.64548004
2019_1125_1326,0.41279277
2019_1125_1328,0.30647162
2019_1125_1330,0.6420528
2019_1125_1332,0.62041116
2019_1125_1341,0.9289561
2019_1125_1345,0.07811679
2019_1125_1371,0.4344358
2019_1125_1385,0.5830761
2019_1125_1387,0.6112856
2019_1125_1388,0.43283057
2019_1125_1393,0.27767473
2019_1125_1396,0.6057445
2019_1125_1397,0.057670906
2019_1125_1403,0.13611668
2019_1125_1414,0.61918086
2019_1125_1416,0.39109585
2019_1125_1429,0.4243551
2019_1125_1433,0.50231004
2019_1125_1436,0.6369996
2019_1125_1437,0.29936865
2019_1125_1438,0.017513134
2019_1125_1439,0.14881118
2019_1125_1449,0.40214893
2019_1125_1458,0.11621429
2019_1125_1459,0.16329043
2019_1125_1463,0.6365553
2019_1133_1138,0.054178897
2019_1133_1153,0.12085423
2019_1133_1159,0.39883485
2019_1133_1181,0.007651574
2019_1133_1192,0.7851347
2019_1133_1196,0.1316857
2019_1133_1199,0.03045609
2019_1133_1205,0.49985966
2019_1133_1209,0.3433191
2019_1133_1211,0.011735041
2019_1133_1222,0.056374267
2019_1133_1233,0.700096
2019_1133_1234,0.060340043
2019_1133_1235,0.057298597
2019_1133_1242,0.0348089
2019_1133_1243,0.03306855
2019_1133_1246,0.02209643
2019_1133_1251,0.251099
2019_1133_1257,0.04730574
2019_1133_1261,0.04614238
2019_1133_1266,0.1272318
2019_1133_1268,0.06237468
2019_1133_1276,0.019623104
2019_1133_1277,0.006378216
2019_1133_1278,0.097130574
2019_1133_1279,0.18739364
2019_1133_1280,0.057436794
2019_1133_1285,0.40300226
2019_1133_1293,0.18097065
2019_1133_1295,0.6327951
2019_1133_1297,0.36620894
2019_1133_1300,0.8908835
2019_1133_1305,0.11043084
2019_1133_1308,0.18478844
2019_1133_1314,0.019799314
2019_1133_1318,0.3186902
2019_1133_1326,0.12551236
2019_1133_1328,0.108447045
2019_1133_1330,0.321142
2019_1133_1332,0.28755322
2019_1133_1341,0.824233
2019_1133_1345,0.023237428
2019_1133_1371,0.18398388
2019_1133_1385,0.24358632
2019_1133_1387,0.30424678
2019_1133_1388,0.17659855
2019_1133_1393,0.09224664
2019_1133_1396,0.26036412
2019_1133_1397,0.02209643
2019_1133_1403,0.040100157
2019_1133_1414,0.28790763
2019_1133_1416,0.15197232
2019_1133_1429,0.14345458
2019_1133_1433,0.15388677
2019_1133_1436,0.32088923
2019_1133_1437,0.11278524
2019_1133_1438,0.0069109653
2019_1133_1439,0.04351434
2019_1133_1449,0.16272318
2019_1133_1458,0.038358375
2019_1133_1459,0.05642577
2019_1133_1463,0.312914
2019_1138_1153,0.7021733
2019_1138_1159,0.93277436
2019_1138_1181,0.047256764
2019_1138_1192,0.97694427
2019_1138_1196,0.802524
2019_1138_1199,0.2771056
2019_1138_1205,0.94656867
2019_1138_1209,0.9197435
2019_1138_1211,0.072513945
2019_1138_1222,0.48553592
2019_1138_1233,0.9649284
2019_1138_1234,0.5198244
2019_1138_1235,0.56477165
2019_1138_1242,0.3690679
2019_1138_1243,0.36484703
2019_1138_1246,0.14502756
2019_1138_1251,0.93895805
2019_1138_1257,0.55766404
2019_1138_1261,0.44992065
2019_1138_1266,0.75591505
2019_1138_1268,0.664579
2019_1138_1276,0.15316929
2019_1138_1277,0.05397612
2019_1138_1278,0.6305175
2019_1138_1279,0.8332486
2019_1138_1280,0.48208296
2019_1138_1285,0.9277888
2019_1138_1293,0.80010074
2019_1138_1295,0.9444367
2019_1138_1297,0.94495815
2019_1138_1300,0.988502
2019_1138_1305,0.68836164
2019_1138_1308,0.7592717
2019_1138_1314,0.124557994
2019_1138_1318,0.9120476
2019_1138_1326,0.7611461
2019_1138_1328,0.65074927
2019_1138_1330,0.9198395
2019_1138_1332,0.8764854
2019_1138_1341,0.97817045
2019_1138_1345,0.22603847
2019_1138_1371,0.83120614
2019_1138_1385,0.89224136
2019_1138_1387,0.90301204
2019_1138_1388,0.81162417
2019_1138_1393,0.65755224
2019_1138_1396,0.9009557
2019_1138_1397,0.14502756
2019_1138_1403,0.2948971
2019_1138_1414,0.9025372
2019_1138_1416,0.73573685
2019_1138_1429,0.768964
2019_1138_1433,0.8189898
2019_1138_1436,0.90904516
2019_1138_1437,0.6925808
2019_1138_1438,0.04430353
2019_1138_1439,0.3764004
2019_1138_1449,0.7622463
2019_1138_1458,0.31005743
2019_1138_1459,0.5137106
2019_1138_1463,0.9120457
2019_1153_1159,0.83801633
2019_1153_1181,0.03837236
2019_1153_1192,0.9468283
2019_1153_1196,0.63358575
2019_1153_1199,0.17845625
2019_1153_1205,0.8685136
2019_1153_1209,0.81035215
2019_1153_1211,0.06440792
2019_1153_1222,0.34685835
2019_1153_1233,0.92833346
2019_1153_1234,0.29188246
2019_1153_1235,0.3828705
2019_1153_1242,0.19960667
2019_1153_1243,0.1967195
2019_1153_1246,0.113509595
2019_1153_1251,0.8490513
2019_1153_1257,0.376074
2019_1153_1261,0.2761547
2019_1153_1266,0.560969
2019_1153_1268,0.39701954
2019_1153_1276,0.1374458
2019_1153_1277,0.04785973
2019_1153_1278,0.4050155
2019_1153_1279,0.7147423
2019_1153_1280,0.30796903
2019_1153_1285,0.82730424
2019_1153_1293,0.5999498
2019_1153_1295,0.8796313
2019_1153_1297,0.87515295
2019_1153_1300,0.96989363
2019_1153_1305,0.4542097
2019_1153_1308,0.60606587
2019_1153_1314,0.1027074
2019_1153_1318,0.7945101
2019_1153_1326,0.58194315
2019_1153_1328,0.4263612
2019_1153_1330,0.79316294
2019_1153_1332,0.7846609
2019_1153_1341,0.9480304
2019_1153_1345,0.17267863
2019_1153_1371,0.64434683
2019_1153_1385,0.73453814
2019_1153_1387,0.7763603
2019_1153_1388,0.64544046
2019_1153_1393,0.47181508
2019_1153_1396,0.7722957
2019_1153_1397,0.113509595
2019_1153_1403,0.26823357
2019_1153_1414,0.7754199
2019_1153_1416,0.5604034
2019_1153_1429,0.6059162
2019_1153_1433,0.6940706
2019_1153_1436,0.7884261
2019_1153_1437,0.45910802
2019_1153_1438,0.035953388
2019_1153_1439,0.2774127
2019_1153_1449,0.5622324
2019_1153_1458,0.24309321
2019_1153_1459,0.30901912
2019_1153_1463,0.7945062
2019_1159_1181,0.009739925
2019_1159_1192,0.8678022
2019_1159_1196,0.2558446
2019_1159_1199,0.038526844
2019_1159_1205,0.5633788
2019_1159_1209,0.4029736
2019_1159_1211,0.012703759
2019_1159_1222,0.06080121
2019_1159_1233,0.7668505
2019_1159_1234,0.08647556
2019_1159_1235,0.09749211
2019_1159_1242,0.04398081
2019_1159_1243,0.041801747
2019_1159_1246,0.028015923
2019_1159_1251,0.3332148
2019_1159_1257,0.09802646
2019_1159_1261,0.04727144
2019_1159_1266,0.14068304
2019_1159_1268,0.08501421
2019_1159_1276,0.02628119
2019_1159_1277,0.010547528
2019_1159_1278,0.16053885
2019_1159_1279,0.22280641
2019_1159_1280,0.074279785
2019_1159_1285,0.46567324
2019_1159_1293,0.20874994
2019_1159_1295,0.6938256
2019_1159_1297,0.46271017
2019_1159_1300,0.93936527
2019_1159_1305,0.122291476
2019_1159_1308,0.21300137
2019_1159_1314,0.025119226
2019_1159_1318,0.3775412
2019_1159_1326,0.21914528
2019_1159_1328,0.17778815
2019_1159_1330,0.40526453
2019_1159_1332,0.34108058
2019_1159_1341,0.8938908
2019_1159_1345,0.038005725
2019_1159_1371,0.20306951
2019_1159_1385,0.31781906
2019_1159_1387,0.36184713
2019_1159_1388,0.19902991
2019_1159_1393,0.12868294
2019_1159_1396,0.31339887
2019_1159_1397,0.000115923
2019_1159_1403,0.04333227
2019_1159_1414,0.34394377
2019_1159_1416,0.17625825
2019_1159_1429,0.17133915
2019_1159_1433,0.22730379
2019_1159_1436,0.37991983
2019_1159_1437,0.11898237
2019_1159_1438,0.008798974
2019_1159_1439,0.052164417
2019_1159_1449,0.18834558
2019_1159_1458,0.0621254
2019_1159_1459,0.0608565
2019_1159_1463,0.37127963
2019_1181_1192,0.9945142
2019_1181_1196,0.9514107
2019_1181_1199,0.90648484
2019_1181_1205,0.98924875
2019_1181_1209,0.9838779
2019_1181_1211,0.56238616
2019_1181_1222,0.9589465
2019_1181_1233,0.99255884
2019_1181_1234,0.947396
2019_1181_1235,0.9405312
2019_1181_1242,0.8805512
2019_1181_1243,0.9275706
2019_1181_1246,0.88140905
2019_1181_1251,0.98768985
2019_1181_1257,0.93123305
2019_1181_1261,0.92349863
2019_1181_1266,0.9487654
2019_1181_1268,0.94189477
2019_1181_1276,0.8312665
2019_1181_1277,0.5645642
2019_1181_1278,0.9346957
2019_1181_1279,0.96961546
2019_1181_1280,0.94495016
2019_1181_1285,0.9901114
2019_1181_1293,0.97043604
2019_1181_1295,0.9999979
2019_1181_1297,0.98768985
2019_1181_1300,0.9999132
2019_1181_1305,0.95249
2019_1181_1308,0.9654767
2019_1181_1314,0.79370594
2019_1181_1318,0.9844226
2019_1181_1326,0.9585691
2019_1181_1328,0.9510543
2019_1181_1330,0.9902868
2019_1181_1332,0.9819577
2019_1181_1341,0.99525416
2019_1181_1345,0.8918518
2019_1181_1371,0.97334576
2019_1181_1385,0.98114747
2019_1181_1387,0.9846911
2019_1181_1388,0.97283155
2019_1181_1393,0.93518054
2019_1181_1396,0.98375523
2019_1181_1397,0.88140905
2019_1181_1403,0.93214864
2019_1181_1414,0.9818656
2019_1181_1416,0.9597945
2019_1181_1429,0.95066357
2019_1181_1433,0.9639696
2019_1181_1436,0.98633575
2019_1181_1437,0.94676805
2019_1181_1438,0.451328
2019_1181_1439,0.93213725
2019_1181_1449,0.9595431
2019_1181_1458,0.9064503
2019_1181_1459,0.951478
2019_1181_1463,0.9873899
2019_1192_1196,0.04212882
2019_1192_1199,0.013851098
2019_1192_1205,0.15422486
2019_1192_1209,0.10494112
2019_1192_1211,0.0001300863
2019_1192_1222,0.023975411
2019_1192_1233,0.36365175
2019_1192_1234,0.045876425
2019_1192_1235,0.019850682
2019_1192_1242,0.014677482
2019_1192_1243,0.013929121
2019_1192_1246,0.0100022
2019_1192_1251,0.102762274
2019_1192_1257,0.01627598
2019_1192_1261,0.01709452
2019_1192_1266,0.039804
2019_1192_1268,0.05633766
2019_1192_1276,0.018798709
2019_1192_1277,0.0037262605
2019_1192_1278,0.04561332
2019_1192_1279,0.05498115
2019_1192_1280,0.022783779
2019_1192_1285,0.14016531
2019_1192_1293,0.05224862
2019_1192_1295,0.23826231
2019_1192_1297,0.12942639
2019_1192_1300,0.72354233
2019_1192_1305,0.037564047
2019_1192_1308,0.06324062
2019_1192_1314,0.008950872
2019_1192_1318,0.10717754
2019_1192_1326,0.049422447
2019_1192_1328,0.04220342
2019_1192_1330,0.16855747
2019_1192_1332,0.07994884
2019_1192_1341,0.4534974
2019_1192_1345,0.010525416
2019_1192_1371,0.06505316
2019_1192_1385,0.12807554
2019_1192_1387,0.100900464
2019_1192_1388,0.049598932
2019_1192_1393,0.03804265
2019_1192_1396,0.0835731
2019_1192_1397,0.0100022
2019_1192_1403,0.02838871
2019_1192_1414,0.08767242
2019_1192_1416,0.059243977
2019_1192_1429,0.05002268
2019_1192_1433,0.045929793
2019_1192_1436,0.10011642
2019_1192_1437,0.03488763
2019_1192_1438,0.0053543444
2019_1192_1439,0.028625209
2019_1192_1449,0.045364928
2019_1192_1458,0.015032268
2019_1192_1459,0.019564737
2019_1192_1463,0.096845694
2019_1196_1199,0.106397
2019_1196_1205,0.82943493
2019_1196_1209,0.68709636
2019_1196_1211,0.0866109
2019_1196_1222,0.20150287
2019_1196_1233,0.92525345
2019_1196_1234,0.27420297
2019_1196_1235,0.19598533
2019_1196_1242,0.08666073
2019_1196_1243,0.12754686
2019_1196_1246,0.06573053
2019_1196_1251,0.7155377
2019_1196_1257,0.19834325
2019_1196_1261,0.14000686
2019_1196_1266,0.33913204
2019_1196_1268,0.23418322
2019_1196_1276,0.084446885
2019_1196_1277,0.061882343
2019_1196_1278,0.370384
2019_1196_1279,0.5593005
2019_1196_1280,0.15221648
2019_1196_1285,0.79138803
2019_1196_1293,0.55406433
2019_1196_1295,0.895677
2019_1196_1297,0.7244335
2019_1196_1300,0.9713518
2019_1196_1305,0.3300206
2019_1196_1308,0.49241802
2019_1196_1314,0.06635619
2019_1196_1318,0.66952616
2019_1196_1326,0.4924263
2019_1196_1328,0.43048763
2019_1196_1330,0.7620637
2019_1196_1332,0.6514687
2019_1196_1341,0.94779664
2019_1196_1345,0.09516414
2019_1196_1371,0.5436836
2019_1196_1385,0.6263071
2019_1196_1387,0.66059554
2019_1196_1388,0.44853476
2019_1196_1393,0.30008692
2019_1196_1396,0.6230114
2019_1196_1397,0.06573053
2019_1196_1403,0.13447247
2019_1196_1414,0.59637576
2019_1196_1416,0.43736988
2019_1196_1429,0.4057163
2019_1196_1433,0.5155291
2019_1196_1436,0.72326505
2019_1196_1437,0.31767297
2019_1196_1438,0.054320697
2019_1196_1439,0.14452305
2019_1196_1449,0.4202298
2019_1196_1458,0.12735894
2019_1196_1459,0.2049147
2019_1196_1463,0.7032091
2019_1199_1205,0.9621123
2019_1199_1209,0.9480262
2019_1199_1211,0.17251676
2019_1199_1222,0.75771564
2019_1199_1233,0.97598445
2019_1199_1234,0.6905964
2019_1199_1235,0.73915184
2019_1199_1242,0.49631917
2019_1199_1243,0.612503
2019_1199_1246,0.36701068
2019_1199_1251,0.9614792
2019_1199_1257,0.73354834
2019_1199_1261,0.6470633
2019_1199_1266,0.840104
2019_1199_1268,0.75450367
2019_1199_1276,0.36664966
2019_1199_1277,0.103391424
2019_1199_1278,0.7197905
2019_1199_1279,0.8944871
2019_1199_1280,0.6763102
2019_1199_1285,0.96401644
2019_1199_1293,0.8795914
2019_1199_1295,0.9709063
2019_1199_1297,0.9614792
2019_1199_1300,0.9910966
2019_1199_1305,0.82004696
2019_1199_1308,0.8615667
2019_1199_1314,0.29214823
2019_1199_1318,0.9441621
2019_1199_1326,0.8317365
2019_1199_1328,0.7771473
2019_1199_1330,0.95988286
2019_1199_1332,0.92860323
2019_1199_1341,0.9830153
2019_1199_1345,0.4986403
2019_1199_1371,0.8842401
2019_1199_1385,0.92432165
2019_1199_1387,0.9450859
2019_1199_1388,0.887601
2019_1199_1393,0.7486482
2019_1199_1396,0.9359505
2019_1199_1397,0.36701068
2019_1199_1403,0.6419988
2019_1199_1414,0.92890185
2019_1199_1416,0.84158814
2019_1199_1429,0.8495479
2019_1199_1433,0.8847404
2019_1199_1436,0.9507723
2019_1199_1437,0.79262173
2019_1199_1438,0.07826891
2019_1199_1439,0.6815534
2019_1199_1449,0.8407203
2019_1199_1458,0.5470476
2019_1199_1459,0.7745476
2019_1199_1463,0.95444375
2019_1205_1209,0.33391887
2019_1205_1211,0.012560334
2019_1205_1222,0.054405957
2019_1205_1233,0.7258644
2019_1205_1234,0.07225437
2019_1205_1235,0.070716016
2019_1205_1242,0.041906852
2019_1205_1243,0.035374925
2019_1205_1246,0.02868188
2019_1205_1251,0.2500006
2019_1205_1257,0.058528434
2019_1205_1261,0.04451447
2019_1205_1266,0.12658368
2019_1205_1268,0.07688379
2019_1205_1276,0.026291935
2019_1205_1277,0.008585246
2019_1205_1278,0.11541706
2019_1205_1279,0.18650451
2019_1205_1280,0.070884146
2019_1205_1285,0.3929457
2019_1205_1293,0.17546092
2019_1205_1295,0.65440035
2019_1205_1297,0.36485228
2019_1205_1300,0.88382214
2019_1205_1305,0.10678868
2019_1205_1308,0.17918791
2019_1205_1314,0.025718153
2019_1205_1318,0.31057748
2019_1205_1326,0.15232217
2019_1205_1328,0.12856068
2019_1205_1330,0.31206045
2019_1205_1332,0.28635636
2019_1205_1341,0.8374676
2019_1205_1345,0.03109561
2019_1205_1371,0.17840238
2019_1205_1385,0.23672123
2019_1205_1387,0.29634184
2019_1205_1388,0.17574957
2019_1205_1393,0.101112455
2019_1205_1396,0.2531844
2019_1205_1397,0.02868188
2019_1205_1403,0.042833816
2019_1205_1414,0.28025618
2019_1205_1416,0.1471868
2019_1205_1429,0.14273733
2019_1205_1433,0.15312667
2019_1205_1436,0.3127462
2019_1205_1437,0.109074965
2019_1205_1438,0.000112368
2019_1205_1439,0.043271527
2019_1205_1449,0.15766208
2019_1205_1458,0.0475644
2019_1205_1459,0.054455765
2019_1205_1463,0.30488253
2019_1209_1211,0.018573994
2019_1209_1222,0.08213852
2019_1209_1233,0.7697776
2019_1209_1234,0.11699911
2019_1209_1235,0.10537187
2019_1209_1242,0.06049819
2019_1209_1243,0.051223397
2019_1209_1246,0.045172475
2019_1209_1251,0.4052358
2019_1209_1257,0.105944335
2019_1209_1261,0.064185105
2019_1209_1266,0.17747079
2019_1209_1268,0.11031487
2019_1209_1276,0.040524773
2019_1209_1277,0.01640765
2019_1209_1278,0.21116182
2019_1209_1279,0.2742161
2019_1209_1280,0.086073235
2019_1209_1285,0.56807417
2019_1209_1293,0.26723462
2019_1209_1295,0.7174188
2019_1209_1297,0.540051
2019_1209_1300,0.9097584
2019_1209_1305,0.1614973
2019_1209_1308,0.2722673
2019_1209_1314,0.040575955
2019_1209_1318,0.47680956
2019_1209_1326,0.27247643
2019_1209_1328,0.2323449
2019_1209_1330,0.5069857
2019_1209_1332,0.3750033
2019_1209_1341,0.8803027
2019_1209_1345,0.058223706
2019_1209_1371,0.27686825
2019_1209_1385,0.41177225
2019_1209_1387,0.46003872
2019_1209_1388,0.22361936
2019_1209_1393,0.1483953
2019_1209_1396,0.40682465
2019_1209_1397,0.045172475
2019_1209_1403,0.06541979
2019_1209_1414,0.44063166
2019_1209_1416,0.22826597
2019_1209_1429,0.21414551
2019_1209_1433,0.27937815
2019_1209_1436,0.47933194
2019_1209_1437,0.15731749
2019_1209_1438,0.014361222
2019_1209_1439,0.0676267
2019_1209_1449,0.2428683
2019_1209_1458,0.072139494
2019_1209_1459,0.08221152
2019_1209_1463,0.47014505
2019_1211_1222,0.924793
2019_1211_1233,0.99264413
2019_1211_1234,0.9113112
2019_1211_1235,0.89458597
2019_1211_1242,0.8727617
2019_1211_1243,0.87179905
2019_1211_1246,0.78338677
2019_1211_1251,0.9860406
2019_1211_1257,0.87902826
2019_1211_1261,0.88724965
2019_1211_1266,0.9249678
2019_1211_1268,0.9074061
2019_1211_1276,0.6135576
2019_1211_1277,0.44017017
2019_1211_1278,0.9268636
2019_1211_1279,0.96412027
2019_1211_1280,0.8908953
2019_1211_1285,0.9865724
2019_1211_1293,0.9649354
2019_1211_1295,0.9899575
2019_1211_1297,0.98747456
2019_1211_1300,0.99758434
2019_1211_1305,0.9285564
2019_1211_1308,0.95591855
2019_1211_1314,0.605876
2019_1211_1318,0.98452306
2019_1211_1326,0.94887733
2019_1211_1328,0.93688345
2019_1211_1330,0.98670644
2019_1211_1332,0.9707626
2019_1211_1341,0.99616665
2019_1211_1345,0.78993195
2019_1211_1371,0.9691141
2019_1211_1385,0.98167086
2019_1211_1387,0.98156434
2019_1211_1388,0.94526607
2019_1211_1393,0.90148103
2019_1211_1396,0.9829585
2019_1211_1397,0.78338677
2019_1211_1403,0.8678625
2019_1211_1414,0.9832549
2019_1211_1416,0.9503518
2019_1211_1429,0.93413603
2019_1211_1433,0.95749795
2019_1211_1436,0.9828042
2019_1211_1437,0.9269087
2019_1211_1438,0.32962933
2019_1211_1439,0.8741302
2019_1211_1449,0.95660216
2019_1211_1458,0.82469743
2019_1211_1459,0.92938125
2019_1211_1463,0.98341584
2019_1222_1233,0.9651545
2019_1222_1234,0.47178102
2019_1222_1235,0.64278334
2019_1222_1242,0.44474256
2019_1222_1243,0.42304045
2019_1222_1246,0.204887
2019_1222_1251,0.93934107
2019_1222_1257,0.6361289
2019_1222_1261,0.5107714
2019_1222_1266,0.75714976
2019_1222_1268,0.6592585
2019_1222_1276,0.18612644
2019_1222_1277,0.05741122
2019_1222_1278,0.5539755
2019_1222_1279,0.8341779
2019_1222_1280,0.56345993
2019_1222_1285,0.9242019
2019_1222_1293,0.7915959
2019_1222_1295,0.94162476
2019_1222_1297,0.9453058
2019_1222_1300,0.9806774
2019_1222_1305,0.6770218
2019_1222_1308,0.74957347
2019_1222_1314,0.1449917
2019_1222_1318,0.9134686
2019_1222_1326,0.71101904
2019_1222_1328,0.59262824
2019_1222_1330,0.9070648
2019_1222_1332,0.87974733
2019_1222_1341,0.9673912
2019_1222_1345,0.3200283
2019_1222_1371,0.81926394
2019_1222_1385,0.875663
2019_1222_1387,0.8983292
2019_1222_1388,0.81623983
2019_1222_1393,0.6521786
2019_1222_1396,0.8961849
2019_1222_1397,0.204887
2019_1222_1403,0.4325594
2019_1222_1414,0.8978341
2019_1222_1416,0.7254333
2019_1222_1429,0.7701527
2019_1222_1433,0.8199814
2019_1222_1436,0.9046229
2019_1222_1437,0.68132335
2019_1222_1438,0.044570208
2019_1222_1439,0.45311442
2019_1222_1449,0.7526288
2019_1222_1458,0.37831375
2019_1222_1459,0.6206394
2019_1222_1463,0.9077545
2019_1233_1234,0.05674482
2019_1233_1235,0.03950913
2019_1233_1242,0.028408255
2019_1233_1243,0.024624504
2019_1233_1246,0.018448418
2019_1233_1251,0.1622213
2019_1233_1257,0.032405876
2019_1233_1261,0.030146131
2019_1233_1266,0.0758059
2019_1233_1268,0.049472738
2019_1233_1276,0.016028479
2019_1233_1277,0.0065161744
2019_1233_1278,0.08507159
2019_1233_1279,0.114502475
2019_1233_1280,0.042875644
2019_1233_1285,0.23895143
2019_1233_1293,0.1102339
2019_1233_1295,0.4993243
2019_1233_1297,0.24115427
2019_1233_1300,0.8443873
2019_1233_1305,0.075722225
2019_1233_1308,0.10255641
2019_1233_1314,0.000169443
2019_1233_1318,0.23015544
2019_1233_1326,0.11236366
2019_1233_1328,0.11110513
2019_1233_1330,0.23379032
2019_1233_1332,0.18927766
2019_1233_1341,0.7272746
2019_1233_1345,0.018312393
2019_1233_1371,0.12441762
2019_1233_1385,0.17930347
2019_1233_1387,0.19656904
2019_1233_1388,0.11070625
2019_1233_1393,0.06638933
2019_1233_1396,0.1829572
2019_1233_1397,0.018448418
2019_1233_1403,0.026609411
2019_1233_1414,0.19091576
2019_1233_1416,0.09633064
2019_1233_1429,0.094358936
2019_1233_1433,0.09254462
2019_1233_1436,0.2014594
2019_1233_1437,0.07052629
2019_1233_1438,0.007486662
2019_1233_1439,0.03360735
2019_1233_1449,0.0964885
2019_1233_1458,0.029153178
2019_1233_1459,0.04132109
2019_1233_1463,0.19559751
2019_1234_1235,0.45201814
2019_1234_1242,0.23153389
2019_1234_1243,0.34737676
2019_1234_1246,0.21624628
2019_1234_1251,0.8882305
2019_1234_1257,0.44487903
2019_1234_1261,0.42560282
2019_1234_1266,0.6536747
2019_1234_1268,0.47829798
2019_1234_1276,0.22970732
2019_1234_1277,0.06573048
2019_1234_1278,0.49930456
2019_1234_1279,0.7872896
2019_1234_1280,0.37819448
2019_1234_1285,0.91188204
2019_1234_1293,0.744241
2019_1234_1295,0.93696404
2019_1234_1297,0.89872015
2019_1234_1300,0.95418024
2019_1234_1305,0.6460566
2019_1234_1308,0.7633284
2019_1234_1314,0.19162793
2019_1234_1318,0.86203665
2019_1234_1326,0.63265383
2019_1234_1328,0.55808914
2019_1234_1330,0.89228433
2019_1234_1332,0.8330402
2019_1234_1341,0.94213945
2019_1234_1345,0.2373247
2019_1234_1371,0.75491524
2019_1234_1385,0.812606
2019_1234_1387,0.86924416
2019_1234_1388,0.7136849
2019_1234_1393,0.55432904
2019_1234_1396,0.8526923
2019_1234_1397,0.21624628
2019_1234_1403,0.39484945
2019_1234_1414,0.83806646
2019_1234_1416,0.7211545
2019_1234_1429,0.69430304
2019_1234_1433,0.7701849
2019_1234_1436,0.8844723
2019_1234_1437,0.6048908
2019_1234_1438,0.061043594
2019_1234_1439,0.40014747
2019_1234_1449,0.6919661
2019_1234_1458,0.31851888
2019_1234_1459,0.5093098
2019_1234_1463,0.8925296
2019_1235_1242,0.23742917
2019_1235_1243,0.30901226
2019_1235_1246,0.13195351
2019_1235_1251,0.8933667
2019_1235_1257,0.4837457
2019_1235_1261,0.3128001
2019_1235_1266,0.61825603
2019_1235_1268,0.55285615
2019_1235_1276,0.17391042
2019_1235_1277,0.07540093
2019_1235_1278,0.51606035
2019_1235_1279,0.76720965
2019_1235_1280,0.38713562
2019_1235_1285,0.91933143
2019_1235_1293,0.7766116
2019_1235_1295,0.95417005
2019_1235_1297,0.8933667
2019_1235_1300,0.9886651
2019_1235_1305,0.59439635
2019_1235_1308,0.6903319
2019_1235_1314,0.13263364
2019_1235_1318,0.867177
2019_1235_1326,0.6510348
2019_1235_1328,0.59511924
2019_1235_1330,0.89608926
2019_1235_1332,0.8403203
2019_1235_1341,0.97779125
2019_1235_1345,0.22611706
2019_1235_1371,0.7779471
2019_1235_1385,0.8185994
2019_1235_1387,0.85395133
2019_1235_1388,0.73566127
2019_1235_1393,0.5532399
2019_1235_1396,0.8323445
2019_1235_1397,0.13195351
2019_1235_1403,0.24556068
2019_1235_1414,0.816134
2019_1235_1416,0.6555215
2019_1235_1429,0.6580439
2019_1235_1433,0.7342775
2019_1235_1436,0.88702446
2019_1235_1437,0.5807311
2019_1235_1438,0.06274048
2019_1235_1439,0.25648114
2019_1235_1449,0.6697584
2019_1235_1458,0.2541181
2019_1235_1459,0.45216283
2019_1235_1463,0.87681526
2019_1242_1243,0.58422065
2019_1242_1246,0.31947637
2019_1242_1251,0.95350486
2019_1242_1257,0.7224251
2019_1242_1261,0.54264104
2019_1242_1266,0.81191844
2019_1242_1268,0.81561154
2019_1242_1276,0.38145834
2019_1242_1277,0.136152
2019_1242_1278,0.78172785
2019_1242_1279,0.89107084
2019_1242_1280,0.6801315
2019_1242_1285,0.9552034
2019_1242_1293,0.8532491
2019_1242_1295,0.9637172
2019_1242_1297,0.95350486
2019_1242_1300,0.986865
2019_1242_1305,0.78387856
2019_1242_1308,0.83203393
2019_1242_1314,0.29870066
2019_1242_1318,0.9308353
2019_1242_1326,0.87676
2019_1242_1328,0.8294112
2019_1242_1330,0.95010984
2019_1242_1332,0.91838
2019_1242_1341,0.97875285
2019_1242_1345,0.4539356
2019_1242_1371,0.8804002
2019_1242_1385,0.90672743
2019_1242_1387,0.9319637
2019_1242_1388,0.872314
2019_1242_1393,0.7912345
2019_1242_1396,0.9208282
2019_1242_1397,0.31947637
2019_1242_1403,0.4544527
2019_1242_1414,0.91227144
2019_1242_1416,0.8087395
2019_1242_1429,0.82267565
2019_1242_1433,0.86314124
2019_1242_1436,0.9389213
2019_1242_1437,0.78131354
2019_1242_1438,0.1010688
2019_1242_1439,0.5208939
2019_1242_1449,0.8077328
2019_1242_1458,0.5246938
2019_1242_1459,0.62599665
2019_1242_1463,0.943424
2019_1243_1246,0.21847513
2019_1243_1251,0.96063787
2019_1243_1257,0.6519561
2019_1243_1261,0.5489452
2019_1243_1266,0.8370611
2019_1243_1268,0.7390167
2019_1243_1276,0.28035477
2019_1243_1277,0.08417402
2019_1243_1278,0.67899686
2019_1243_1279,0.89234644
2019_1243_1280,0.5870573
2019_1243_1285,0.95987236
2019_1243_1293,0.86706537
2019_1243_1295,0.967529
2019_1243_1297,0.96063787
2019_1243_1300,0.9891878
2019_1243_1305,0.80271596
2019_1243_1308,0.8474907
2019_1243_1314,0.20231496
2019_1243_1318,0.9336611
2019_1243_1326,0.79756147
2019_1243_1328,0.70291775
2019_1243_1330,0.9552848
2019_1243_1332,0.92868906
2019_1243_1341,0.9831835
2019_1243_1345,0.3443154
2019_1243_1371,0.875488
2019_1243_1385,0.9250268
2019_1243_1387,0.93889993
2019_1243_1388,0.8877302
2019_1243_1393,0.7329227
2019_1243_1396,0.9365547
2019_1243_1397,0.21847513
2019_1243_1403,0.4544276
2019_1243_1414,0.92956764
2019_1243_1416,0.8258912
2019_1243_1429,0.84665185
2019_1243_1433,0.88242805
2019_1243_1436,0.94518983
2019_1243_1437,0.77337927
2019_1243_1438,0.05820729
2019_1243_1439,0.5419287
2019_1243_1449,0.84207135
2019_1243_1458,0.43145984
2019_1243_1459,0.6527391
2019_1243_1463,0.9492554
2019_1246_1251,0.97297186
2019_1246_1257,0.8760755
2019_1246_1261,0.7803788
2019_1246_1266,0.8919691
2019_1246_1268,0.8578242
2019_1246_1276,0.4820368
2019_1246_1277,0.16591366
2019_1246_1278,0.805949
2019_1246_1279,0.92802703
2019_1246_1280,0.859119
2019_1246_1285,0.974772
2019_1246_1293,0.91331255
2019_1246_1295,0.9796459
2019_1246_1297,0.97297186
2019_1246_1300,0.9938099
2019_1246_1305,0.87395287
2019_1246_1308,0.8997605
2019_1246_1314,0.37862694
2019_1246_1318,0.9606096
2019_1246_1326,0.8887921
2019_1246_1328,0.84936076
2019_1246_1330,0.9752127
2019_1246_1332,0.9553342
2019_1246_1341,0.98816174
2019_1246_1345,0.6212669
2019_1246_1371,0.9192143
2019_1246_1385,0.95256907
2019_1246_1387,0.9612724
2019_1246_1388,0.9381291
2019_1246_1393,0.8430148
2019_1246_1396,0.95470077
2019_1246_1397,0.48882815
2019_1246_1403,0.7373331
2019_1246_1414,0.9496045
2019_1246_1416,0.88455534
2019_1246_1429,0.8957402
2019_1246_1433,0.91715544
2019_1246_1436,0.96534425
2019_1246_1437,0.85727185
2019_1246_1438,0.11341278
2019_1246_1439,0.76887256
2019_1246_1449,0.8838906
2019_1246_1458,0.66735595
2019_1246_1459,0.865714
2019_1246_1463,0.96796554
2019_1251_1257,0.10316762
2019_1251_1261,0.04623719
2019_1251_1266,0.15129425
2019_1251_1268,0.0886193
2019_1251_1276,0.026183702
2019_1251_1277,0.013157269
2019_1251_1278,0.13525708
2019_1251_1279,0.25357726
2019_1251_1280,0.07305833
2019_1251_1285,0.56668466
2019_1251_1293,0.23241292
2019_1251_1295,0.7883775
2019_1251_1297,0.59902245
2019_1251_1300,0.92668
2019_1251_1305,0.13653387
2019_1251_1308,0.23214824
2019_1251_1314,0.022781368
2019_1251_1318,0.49794433
2019_1251_1326,0.19581959
2019_1251_1328,0.15027621
2019_1251_1330,0.53251374
2019_1251_1332,0.39889675
2019_1251_1341,0.8814657
2019_1251_1345,0.036533706
2019_1251_1371,0.25626326
2019_1251_1385,0.435773
2019_1251_1387,0.46249503
2019_1251_1388,0.2264317
2019_1251_1393,0.13725679
2019_1251_1396,0.44697148
2019_1251_1397,0.025415495
2019_1251_1403,0.046464134
2019_1251_1414,0.48140708
2019_1251_1416,0.19291183
2019_1251_1429,0.21007746
2019_1251_1433,0.2584892
2019_1251_1436,0.5004716
2019_1251_1437,0.121744275
2019_1251_1438,0.010357701
2019_1251_1439,0.054669432
2019_1251_1449,0.20585586
2019_1251_1458,0.05974105
2019_1251_1459,0.06542314
2019_1251_1463,0.4912618
2019_1257_1261,0.3308751
2019_1257_1266,0.6238515
2019_1257_1268,0.558726
2019_1257_1276,0.15336828
2019_1257_1277,0.07673497
2019_1257_1278,0.5943443
2019_1257_1279,0.77142894
2019_1257_1280,0.3994439
2019_1257_1285,0.9252648
2019_1257_1293,0.7906519
2019_1257_1295,0.96047366
2019_1257_1297,0.89561063
2019_1257_1300,0.9896869
2019_1257_1305,0.6141999
2019_1257_1308,0.7077543
2019_1257_1314,0.12248818
2019_1257_1318,0.87643087
2019_1257_1326,0.7072833
2019_1257_1328,0.6688215
2019_1257_1330,0.912683
2019_1257_1332,0.84712124
2019_1257_1341,0.9809109
2019_1257_1345,0.20090811
2019_1257_1371,0.791926
2019_1257_1385,0.8454331
2019_1257_1387,0.863982
2019_1257_1388,0.7455701
2019_1257_1393,0.55910873
2019_1257_1396,0.84358734
2019_1257_1397,0.12185272
2019_1257_1403,0.21879694
2019_1257_1414,0.8282396
2019_1257_1416,0.67397755
2019_1257_1429,0.6633737
2019_1257_1433,0.7388905
2019_1257_1436,0.89506286
2019_1257_1437,0.60075366
2019_1257_1438,0.06748899
2019_1257_1439,0.28270987
2019_1257_1449,0.68781495
2019_1257_1458,0.2586509
2019_1257_1459,0.47275087
2019_1257_1463,0.88548625
2019_1261_1266,0.7953776
2019_1261_1268,0.7261952
2019_1261_1276,0.25855094
2019_1261_1277,0.07593709
2019_1261_1278,0.6955241
2019_1261_1279,0.86248267
2019_1261_1280,0.5672499
2019_1261_1285,0.9478922
2019_1261_1293,0.8277321
2019_1261_1295,0.9577341
2019_1261_1297,0.9537245
2019_1261_1300,0.9902919
2019_1261_1305,0.7349157
2019_1261_1308,0.791073
2019_1261_1314,0.19910936
2019_1261_1318,0.9331635
2019_1261_1326,0.8100922
2019_1261_1328,0.7279345
2019_1261_1330,0.9420177
2019_1261_1332,0.8990576
2019_1261_1341,0.9820312
2019_1261_1345,0.33470473
2019_1261_1371,0.8535021
2019_1261_1385,0.91222256
2019_1261_1387,0.92117256
2019_1261_1388,0.8439393
2019_1261_1393,0.7199153
2019_1261_1396,0.9194668
2019_1261_1397,0.21804482
2019_1261_1403,0.39196303
2019_1261_1414,0.9174697
2019_1261_1416,0.77750134
2019_1261_1429,0.8068558
2019_1261_1433,0.85027444
2019_1261_1436,0.9291496
2019_1261_1437,0.7387437
2019_1261_1438,0.05706102
2019_1261_1439,0.49364546
2019_1261_1449,0.8009546
2019_1261_1458,0.43634334
2019_1261_1459,0.5994065
2019_1261_1463,0.9343223
2019_1266_1268,0.3854028
2019_1266_1276,0.118627876
2019_1266_1277,0.05078386
2019_1266_1278,0.46843675
2019_1266_1279,0.66642463
2019_1266_1280,0.27194792
2019_1266_1285,0.83276564
2019_1266_1293,0.58988935
2019_1266_1295,0.8926073
2019_1266_1297,0.8549264
2019_1266_1300,0.97676545
2019_1266_1305,0.44093394
2019_1266_1308,0.5732597
2019_1266_1314,0.09256566
2019_1266_1318,0.7806783
2019_1266_1326,0.6220163
2019_1266_1328,0.49037015
2019_1266_1330,0.83417684
2019_1266_1332,0.7600575
2019_1266_1341,0.9563536
2019_1266_1345,0.14519507
2019_1266_1371,0.6281301
2019_1266_1385,0.76274294
2019_1266_1387,0.7616733
2019_1266_1388,0.6083832
2019_1266_1393,0.4504501
2019_1266_1396,0.7574252
2019_1266_1397,0.102422945
2019_1266_1403,0.2089288
2019_1266_1414,0.76069015
2019_1266_1416,0.5267638
2019_1266_1429,0.5709314
2019_1266_1433,0.6439956
2019_1266_1436,0.7743011
2019_1266_1437,0.4211464
2019_1266_1438,0.04165812
2019_1266_1439,0.25168872
2019_1266_1449,0.528615
2019_1266_1458,0.21633565
2019_1266_1459,0.2732
2019_1266_1463,0.78067416
2019_1268_1276,0.21815215
2019_1268_1277,0.082987994
2019_1268_1278,0.5344466
2019_1268_1279,0.78781664
2019_1268_1280,0.34107175
2019_1268_1285,0.91303176
2019_1268_1293,0.7302785
2019_1268_1295,0.9418289
2019_1268_1297,0.90839064
2019_1268_1300,0.97156817
2019_1268_1305,0.6268986
2019_1268_1308,0.7198478
2019_1268_1314,0.15302192
2019_1268_1318,0.85513496
2019_1268_1326,0.70090723
2019_1268_1328,0.59230536
2019_1268_1330,0.90481335
2019_1268_1332,0.85385764
2019_1268_1341,0.94365555
2019_1268_1345,0.21906559
2019_1268_1371,0.7518467
2019_1268_1385,0.82260257
2019_1268_1387,0.86568284
2019_1268_1388,0.7412946
2019_1268_1393,0.5961658
2019_1268_1396,0.8454976
2019_1268_1397,0.15742983
2019_1268_1403,0.31038302
2019_1268_1414,0.83029956
2019_1268_1416,0.6868503
2019_1268_1429,0.7120596
2019_1268_1433,0.7707419
2019_1268_1436,0.8785349
2019_1268_1437,0.5603622
2019_1268_1438,0.05910665
2019_1268_1439,0.3254566
2019_1268_1449,0.65566456
2019_1268_1458,0.29980713
2019_1268_1459,0.3830322
2019_1268_1463,0.88695335
2019_1276_1277,0.28479394
2019_1276_1278,0.73300403
2019_1276_1279,0.927769
2019_1276_1280,0.8331056
2019_1276_1285,0.9999835
2019_1276_1293,0.9082003
2019_1276_1295,0.9805464
2019_1276_1297,0.97049195
2019_1276_1300,0.9888102
2019_1276_1305,0.8599196
2019_1276_1308,0.8938761
2019_1276_1314,0.38543707
2019_1276_1318,0.9571686
2019_1276_1326,0.8486726
2019_1276_1328,0.79872763
2019_1276_1330,0.96925753
2019_1276_1332,0.96056914
2019_1276_1341,0.9822817
2019_1276_1345,0.62593997
2019_1276_1371,0.89847106
2019_1276_1385,0.9389108
2019_1276_1387,0.9553111
2019_1276_1388,0.9364153
2019_1276_1393,0.8025304
2019_1276_1396,0.9477485
2019_1276_1397,0.50480044
2019_1276_1403,0.77253765
2019_1276_1414,0.9419177
2019_1276_1416,0.8779739
2019_1276_1429,0.88973844
2019_1276_1433,0.91686183
2019_1276_1436,0.9599835
2019_1276_1437,0.82787293
2019_1276_1438,0.19445212
2019_1276_1439,0.7621993
2019_1276_1449,0.87720174
2019_1276_1458,0.67164785
2019_1276_1459,0.85853744
2019_1276_1463,0.96299475
2019_1277_1278,0.9290767
2019_1277_1279,0.968117
2019_1277_1280,0.929022
2019_1277_1285,0.99067056
2019_1277_1293,0.9709754
2019_1277_1295,0.9937928
2019_1277_1297,0.9869997
2019_1277_1300,0.99774444
2019_1277_1305,0.9525989
2019_1277_1308,0.9661034
2019_1277_1314,0.7372117
2019_1277_1318,0.9846268
2019_1277_1326,0.9518546
2019_1277_1328,0.9467627
2019_1277_1330,0.990764
2019_1277_1332,0.98211515
2019_1277_1341,0.9964115
2019_1277_1345,0.86242414
2019_1277_1371,0.9709489
2019_1277_1385,0.98124886
2019_1277_1387,0.9848919
2019_1277_1388,0.9698247
2019_1277_1393,0.9164384
2019_1277_1396,0.98396814
2019_1277_1397,0.85818225
2019_1277_1403,0.9172503
2019_1277_1414,0.98210275
2019_1277_1416,0.9605201
2019_1277_1429,0.947462
2019_1277_1433,0.9622033
2019_1277_1436,0.98651516
2019_1277_1437,0.9416056
2019_1277_1438,0.44135317
2019_1277_1439,0.9202241
2019_1277_1449,0.96027315
2019_1277_1458,0.8860988
2019_1277_1459,0.9515891
2019_1277_1463,0.9875558
2019_1278_1279,0.7024687
2019_1278_1280,0.3062152
2019_1278_1285,0.8172297
2019_1278_1293,0.6153361
2019_1278_1295,0.87247455
2019_1278_1297,0.85335076
2019_1278_1300,0.93473583
2019_1278_1305,0.4402965
2019_1278_1308,0.6395422
2019_1278_1314,0.16992451
2019_1278_1318,0.72457916
2019_1278_1326,0.6089234
2019_1278_1328,0.42299724
2019_1278_1330,0.820321
2019_1278_1332,0.7215569
2019_1278_1341,0.8980542
2019_1278_1345,0.24704865
2019_1278_1371,0.5672046
2019_1278_1385,0.7126527
2019_1278_1387,0.78558695
2019_1278_1388,0.60411954
2019_1278_1393,0.40918082
2019_1278_1396,0.7567471
2019_1278_1397,0.17471887
2019_1278_1403,0.38240308
2019_1278_1414,0.69884485
2019_1278_1416,0.58706975
2019_1278_1429,0.5444545
2019_1278_1433,0.63814694
2019_1278_1436,0.7632287
2019_1278_1437,0.3853834
2019_1278_1438,0.06448313
2019_1278_1439,0.36776295
2019_1278_1449,0.5076317
2019_1278_1458,0.2972788
2019_1278_1459,0.34559885
2019_1278_1463,0.8168582
2019_1279_1280,0.18222912
2019_1279_1285,0.7324382
2019_1279_1293,0.3870927
2019_1279_1295,0.8348997
2019_1279_1297,0.75869703
2019_1279_1300,0.96127623
2019_1279_1305,0.27663925
2019_1279_1308,0.38674065
2019_1279_1314,0.06577492
2019_1279_1318,0.6628623
2019_1279_1326,0.38111404
2019_1279_1328,0.2715477
2019_1279_1330,0.71252745
2019_1279_1332,0.60396725
2019_1279_1341,0.93053216
2019_1279_1345,0.110942975
2019_1279_1371,0.42270187
2019_1279_1385,0.5916987
2019_1279_1387,0.6164707
2019_1279_1388,0.41653574
2019_1279_1393,0.28606865
2019_1279_1396,0.61095643
2019_1279_1397,0.07323733
2019_1279_1403,0.16249989
2019_1279_1414,0.61519116
2019_1279_1416,0.3432061
2019_1279_1429,0.4063407
2019_1279_1433,0.47392553
2019_1279_1436,0.6534936
2019_1279_1437,0.2510863
2019_1279_1438,0.029223787
2019_1279_1439,0.17886165
2019_1279_1449,0.3448823
2019_1279_1458,0.15706867
2019_1279_1459,0.203419
2019_1279_1463,0.6617879
2019_1280_1285,0.9370598
2019_1280_1293,0.80777603
2019_1280_1295,0.958598
2019_1280_1297,0.92985225
2019_1280_1300,0.9872176
2019_1280_1305,0.6961194
2019_1280_1308,0.7770205
2019_1280_1314,0.13640933
2019_1280_1318,0.91280246
2019_1280_1326,0.7690455
2019_1280_1328,0.704542
2019_1280_1330,0.9376568
2019_1280_1332,0.89048034
2019_1280_1341,0.97908396
2019_1280_1345,0.23400512
2019_1280_1371,0.81156504
2019_1280_1385,0.88005173
2019_1280_1387,0.9013799
2019_1280_1388,0.8113157
2019_1280_1393,0.6360472
2019_1280_1396,0.8858518
2019_1280_1397,0.15116963
2019_1280_1403,0.2874431
2019_1280_1414,0.87403196
2019_1280_1416,0.7484035
2019_1280_1429,0.75276405
2019_1280_1433,0.8112467
2019_1280_1436,0.9111668
2019_1280_1437,0.640238
2019_1280_1438,0.07044965
2019_1280_1439,0.36211342
2019_1280_1449,0.7471786
2019_1280_1458,0.29771635
2019_1280_1459,0.5695908
2019_1280_1463,0.9175359
2019_1285_1293,0.22480087
2019_1285_1295,0.6950675
2019_1285_1297,0.4579557
2019_1285_1300,0.9274053
2019_1285_1305,0.13281035
2019_1285_1308,0.21557283
2019_1285_1314,0.02226593
2019_1285_1318,0.3789177
2019_1285_1326,0.18787661
2019_1285_1328,0.16044722
2019_1285_1330,0.406676
2019_1285_1332,0.34668913
2019_1285_1341,0.8867202
2019_1285_1345,0.025762593
2019_1285_1371,0.21880442
2019_1285_1385,0.30211243
2019_1285_1387,0.36319974
2019_1285_1388,0.20302236
2019_1285_1393,0.10852785
2019_1285_1396,0.3166946
2019_1285_1397,0.02484197
2019_1285_1403,0.044374518
2019_1285_1414,0.34739822
2019_1285_1416,0.19041204
2019_1285_1429,0.17489743
2019_1285_1433,0.19670959
2019_1285_1436,0.38129967
2019_1285_1437,0.12925856
2019_1285_1438,0.007784693
2019_1285_1439,0.053407237
2019_1285_1449,0.19069147
2019_1285_1458,0.042455286
2019_1285_1459,0.061735254
2019_1285_1463,0.37264693
2019_1293_1295,0.8239953
2019_1293_1297,0.7548922
2019_1293_1300,0.9638276
2019_1293_1305,0.3075617
2019_1293_1308,0.4570427
2019_1293_1314,0.06329232
2019_1293_1318,0.6509867
2019_1293_1326,0.43409616
2019_1293_1328,0.31250188
2019_1293_1330,0.622208
2019_1293_1332,0.6584903
2019_1293_1341,0.9305334
2019_1293_1345,0.09992586
2019_1293_1371,0.46899077
2019_1293_1385,0.5621912
2019_1293_1387,0.6170084
2019_1293_1388,0.4551427
2019_1293_1393,0.32987002
2019_1293_1396,0.6114969
2019_1293_1397,0.07027372
2019_1293_1403,0.14699216
2019_1293_1414,0.6248587
2019_1293_1416,0.41089678
2019_1293_1429,0.44070596
2019_1293_1433,0.5376149
2019_1293_1436,0.64256513
2019_1293_1437,0.30095834
2019_1293_1438,0.021540876
2019_1293_1439,0.15795468
2019_1293_1449,0.42212147
2019_1293_1458,0.1586623
2019_1293_1459,0.18048467
2019_1293_1463,0.6421238
2019_1295_1297,0.28038135
2019_1295_1300,0.8604938
2019_1295_1305,0.095778294
2019_1295_1308,0.13952558
2019_1295_1314,0.020235924
2019_1295_1318,0.26724273
2019_1295_1326,0.12215351
2019_1295_1328,0.111193575
2019_1295_1330,0.27321404
2019_1295_1332,0.2246121
2019_1295_1341,0.7952682
2019_1295_1345,0.022416713
2019_1295_1371,0.14951043
2019_1295_1385,0.21883428
2019_1295_1387,0.25426078
2019_1295_1388,0.14416902
2019_1295_1393,0.078554116
2019_1295_1396,0.21535611
2019_1295_1397,0.022582533
2019_1295_1403,0.037171166
2019_1295_1414,0.22433709
2019_1295_1416,0.12259585
2019_1295_1429,0.11871715
2019_1295_1433,0.11791217
2019_1295_1436,0.25261983
2019_1295_1437,0.09785467
2019_1295_1438,0.0070654107
2019_1295_1439,0.044806346
2019_1295_1449,0.13159102
2019_1295_1458,0.037023854
2019_1295_1459,0.055378783
2019_1295_1463,0.2457274
2019_1297_1300,0.92463857
2019_1297_1305,0.122329295
2019_1297_1308,0.19964404
2019_1297_1314,0.022781368
2019_1297_1318,0.37551463
2019_1297_1326,0.17827901
2019_1297_1328,0.13612464
2019_1297_1330,0.40872228
2019_1297_1332,0.35380298
2019_1297_1341,0.87022084
2019_1297_1345,0.036533706
2019_1297_1371,0.19924672
2019_1297_1385,0.3189193
2019_1297_1387,0.35985607
2019_1297_1388,0.20509595
2019_1297_1393,0.1241521
2019_1297_1396,0.32886517
2019_1297_1397,0.025415495
2019_1297_1403,0.04317434
2019_1297_1414,0.3601269
2019_1297_1416,0.16472283
2019_1297_1429,0.17993937
2019_1297_1433,0.22336975
2019_1297_1436,0.37788823
2019_1297_1437,0.10888435
2019_1297_1438,0.010357701
2019_1297_1439,0.050829645
2019_1297_1449,0.17618828
2019_1297_1458,0.05974105
2019_1297_1459,0.060876697
2019_1297_1463,0.36926672
2019_1300_1305,0.023749093
2019_1300_1308,0.06465539
2019_1300_1314,0.0055978
2019_1300_1318,0.06442238
2019_1300_1326,0.044424213
2019_1300_1328,0.036194373
2019_1300_1330,0.17220242
2019_1300_1332,0.055086557
2019_1300_1341,0.32437196
2019_1300_1345,0.0062110713
2019_1300_1371,0.03854251
2019_1300_1385,0.12658606
2019_1300_1387,0.061829872
2019_1300_1388,0.033827778
2019_1300_1393,0.02507445
2019_1300_1396,0.07924656
2019_1300_1397,0.006257781
2019_1300_1403,0.020239187
2019_1300_1414,0.075730704
2019_1300_1416,0.04510157
2019_1300_1429,0.030009525
2019_1300_1433,0.027506715
2019_1300_1436,0.080546305
2019_1300_1437,0.022034448
2019_1300_1438,0.0040211966
2019_1300_1439,0.023941595
2019_1300_1449,0.042107332
2019_1300_1458,0.008881499
2019_1300_1459,0.019567028
2019_1300_1463,0.08547116
2019_1305_1308,0.6533229
2019_1305_1314,0.11059604
2019_1305_1318,0.8257641
2019_1305_1326,0.6632158
2019_1305_1328,0.5351964
2019_1305_1330,0.83985794
2019_1305_1332,0.79920053
2019_1305_1341,0.9593738
2019_1305_1345,0.17153904
2019_1305_1371,0.70349866
2019_1305_1385,0.7909804
2019_1305_1387,0.8097136
2019_1305_1388,0.6653715
2019_1305_1393,0.499796
2019_1305_1396,0.8061039
2019_1305_1397,0.122115076
2019_1305_1403,0.26666662
2019_1305_1414,0.8088789
2019_1305_1416,0.6096097
2019_1305_1429,0.632329
2019_1305_1433,0.71733135
2019_1305_1436,0.8203963
2019_1305_1437,0.5097333
2019_1305_1438,0.03893736
2019_1305_1439,0.29821226
2019_1305_1449,0.61137587
2019_1305_1458,0.24162461
2019_1305_1459,0.3269796
2019_1305_1463,0.82576066
2019_1308_1314,0.07662293
2019_1308_1318,0.6509867
2019_1308_1326,0.41728327
2019_1308_1328,0.28660154
2019_1308_1330,0.6312754
2019_1308_1332,0.6791909
2019_1308_1341,0.90333694
2019_1308_1345,0.12588292
2019_1308_1371,0.46899077
2019_1308_1385,0.57170755
2019_1308_1387,0.62612563
2019_1308_1388,0.49428514
2019_1308_1393,0.314848
2019_1308_1396,0.6206647
2019_1308_1397,0.0849414
2019_1308_1403,0.20186083
2019_1308_1414,0.6248587
2019_1308_1416,0.4203108
2019_1308_1429,0.4542344
2019_1308_1433,0.5511864
2019_1308_1436,0.64256513
2019_1308_1437,0.31449917
2019_1308_1438,0.026324946
2019_1308_1439,0.21587983
2019_1308_1449,0.42212147
2019_1308_1458,0.1965452
2019_1308_1459,0.23431526
2019_1308_1463,0.65098137
2019_1314_1318,0.9636199
2019_1314_1326,0.90326416
2019_1314_1328,0.8682034
2019_1314_1330,0.97713363
2019_1314_1332,0.96366596
2019_1314_1341,0.9890904
2019_1314_1345,0.694069
2019_1314_1371,0.92514175
2019_1314_1385,0.9561658
2019_1314_1387,0.964234
2019_1314_1388,0.94579846
2019_1314_1393,0.85342884
2019_1314_1396,0.958143
2019_1314_1397,0.5945077
2019_1314_1403,0.81267065
2019_1314_1414,0.95341516
2019_1314_1416,0.9002354
2019_1314_1429,0.903755
2019_1314_1433,0.92876416
2019_1314_1436,0.9680048
2019_1314_1437,0.8678074
2019_1314_1438,0.20859322
2019_1314_1439,0.82262254
2019_1314_1449,0.89965075
2019_1314_1458,0.73507655
2019_1314_1459,0.87571675
2019_1314_1463,0.97043097
2019_1318_1326,0.29775593
2019_1318_1328,0.25258622
2019_1318_1330,0.54745704
2019_1318_1332,0.38622913
2019_1318_1341,0.88664186
2019_1318_1345,0.052655097
2019_1318_1371,0.3021062
2019_1318_1385,0.43130058
2019_1318_1387,0.47998822
2019_1318_1388,0.2319956
2019_1318_1393,0.18242456
2019_1318_1396,0.44585717
2019_1318_1397,0.040260002
2019_1318_1403,0.059906907
2019_1318_1414,0.4802815
2019_1318_1416,0.25060898
2019_1318_1429,0.23802856
2019_1318_1433,0.30768797
2019_1318_1436,0.49934438
2019_1318_1437,0.17428425
2019_1318_1438,0.0116611915
2019_1318_1439,0.07186359
2019_1318_1449,0.26614767
2019_1318_1458,0.07575528
2019_1318_1459,0.08618076
2019_1318_1463,0.49013495
2019_1326_1328,0.30071107
2019_1326_1330,0.78254634
2019_1326_1332,0.6247375
2019_1326_1341,0.90957904
2019_1326_1345,0.14396991
2019_1326_1371,0.45198226
2019_1326_1385,0.6513493
2019_1326_1387,0.7093013
2019_1326_1388,0.49041975
2019_1326_1393,0.30408856
2019_1326_1396,0.6744528
2019_1326_1397,0.10073735
2019_1326_1403,0.25012934
2019_1326_1414,0.6071312
2019_1326_1416,0.45783597
2019_1326_1429,0.42740119
2019_1326_1433,0.50365853
2019_1326_1436,0.68220615
2019_1326_1437,0.26772898
2019_1326_1438,0.04583932
2019_1326_1439,0.27095002
2019_1326_1449,0.37980092
2019_1326_1458,0.19951801
2019_1326_1459,0.25399467
2019_1326_1463,0.74813133
2019_1328_1330,0.84196925
2019_1328_1332,0.71790725
2019_1328_1341,0.9296133
2019_1328_1345,0.19415055
2019_1328_1371,0.5781982
2019_1328_1385,0.74321234
2019_1328_1387,0.79305714
2019_1328_1388,0.5997844
2019_1328_1393,0.40198794
2019_1328_1396,0.7649214
2019_1328_1397,0.14547206
2019_1328_1403,0.3360098
2019_1328_1414,0.7082147
2019_1328_1416,0.5979164
2019_1328_1429,0.53304815
2019_1328_1433,0.62748146
2019_1328_1436,0.7712511
2019_1328_1437,0.39607796
2019_1328_1438,0.052514866
2019_1328_1439,0.36598024
2019_1328_1449,0.5188548
2019_1328_1458,0.2526458
2019_1328_1459,0.33966392
2019_1328_1463,0.82348365
2019_1330_1332,0.39738816
2019_1330_1341,0.86612314
2019_1330_1345,0.035411384
2019_1330_1371,0.2813468
2019_1330_1385,0.4125711
2019_1330_1387,0.45914066
2019_1330_1388,0.24044415
2019_1330_1393,0.13378748
2019_1330_1396,0.43430537
2019_1330_1397,0.03438288
2019_1330_1403,0.055634394
2019_1330_1414,0.46859202
2019_1330_1416,0.24740906
2019_1330_1429,0.211932
2019_1330_1433,0.27672783
2019_1330_1436,0.4848895
2019_1330_1437,0.17183553
2019_1330_1438,0.010847394
2019_1330_1439,0.060288116
2019_1330_1449,0.28073367
2019_1330_1458,0.05798384
2019_1330_1459,0.09828037
2019_1330_1463,0.47569343
2019_1332_1341,0.91510355
2019_1332_1345,0.070797615
2019_1332_1371,0.33477786
2019_1332_1385,0.54680324
2019_1332_1387,0.54534036
2019_1332_1388,0.2914756
2019_1332_1393,0.2005501
2019_1332_1396,0.5395673
2019_1332_1397,0.05209745
2019_1332_1403,0.10045317
2019_1332_1414,0.5439991
2019_1332_1416,0.2685883
2019_1332_1429,0.2828576
2019_1332_1433,0.35723987
2019_1332_1436,0.562852
2019_1332_1437,0.18391904
2019_1332_1438,0.027153678
2019_1332_1439,0.11845883
2019_1332_1449,0.2700499
2019_1332_1458,0.09853275
2019_1332_1459,0.14680377
2019_1332_1463,0.57189465
2019_1341_1345,0.013931439
2019_1341_1371,0.077529095
2019_1341_1385,0.1368089
2019_1341_1387,0.119373515
2019_1341_1388,0.05160663
2019_1341_1393,0.04131819
2019_1341_1396,0.09922393
2019_1341_1397,0.014767284
2019_1341_1403,0.031064577
2019_1341_1414,0.10400378
2019_1341_1416,0.06802169
2019_1341_1429,0.052657496
2019_1341_1433,0.052273892
2019_1341_1436,0.11846483
2019_1341_1437,0.045004915
2019_1341_1438,0.005519428
2019_1341_1439,0.029807694
2019_1341_1449,0.057329323
2019_1341_1458,0.018464724
2019_1341_1459,0.022987965
2019_1341_1463,0.11467106
2019_1345_1371,0.89724845
2019_1345_1385,0.9382958
2019_1345_1387,0.94985753
2019_1345_1388,0.9103451
2019_1345_1393,0.7795506
2019_1345_1396,0.94146675
2019_1345_1397,0.36716056
2019_1345_1403,0.6109438
2019_1345_1414,0.934983
2019_1345_1416,0.85126543
2019_1345_1429,0.8581728
2019_1345_1433,0.8921195
2019_1345_1436,0.95507336
2019_1345_1437,0.7927867
2019_1345_1438,0.11339122
2019_1345_1439,0.6470065
2019_1345_1449,0.8504413
2019_1345_1458,0.5339071
2019_1345_1459,0.808135
2019_1345_1463,0.95843816
2019_1371_1385,0.67302936
2019_1371_1387,0.69830173
2019_1371_1388,0.4539918
2019_1371_1393,0.33103177
2019_1371_1396,0.6933788
2019_1371_1397,0.084087834
2019_1371_1403,0.1743166
2019_1371_1414,0.7057909
2019_1371_1416,0.42761043
2019_1371_1429,0.4473488
2019_1371_1433,0.52819186
2019_1371_1436,0.7389027
2019_1371_1437,0.3187417
2019_1371_1438,0.0207926
2019_1371_1439,0.18323264
2019_1371_1449,0.43895155
2019_1371_1458,0.16407375
2019_1371_1459,0.18354687
2019_1371_1463,0.74703765
2019_1385_1387,0.56046987
2019_1385_1388,0.3157175
2019_1385_1393,0.22177647
2019_1385_1396,0.53268254
2019_1385_1397,0.065141425
2019_1385_1403,0.09518045
2019_1385_1414,0.5669519
2019_1385_1416,0.32162076
2019_1385_1429,0.3082706
2019_1385_1433,0.38801846
2019_1385_1436,0.58574706
2019_1385_1437,0.23031579
2019_1385_1438,0.019222006
2019_1385_1439,0.096099444
2019_1385_1449,0.33941194
2019_1385_1458,0.10151035
2019_1385_1459,0.12547559
2019_1385_1463,0.57677996
2019_1387_1388,0.28593197
2019_1387_1393,0.17523403
2019_1387_1396,0.44333193
2019_1387_1397,0.035867337
2019_1387_1403,0.07496492
2019_1387_1414,0.47772932
2019_1387_1416,0.25565588
2019_1387_1429,0.27004024
2019_1387_1433,0.34482828
2019_1387_1436,0.4967877
2019_1387_1437,0.17815955
2019_1387_1438,0.010355199
2019_1387_1439,0.081096806
2019_1387_1449,0.2713942
2019_1387_1458,0.07733191
2019_1387_1459,0.09421576
2019_1387_1463,0.48757958
2019_1388_1393,0.3495201
2019_1388_1396,0.69816643
2019_1388_1397,0.067813575
2019_1388_1403,0.14612296
2019_1388_1414,0.701915
2019_1388_1416,0.47040135
2019_1388_1429,0.46701887
2019_1388_1433,0.5878186
2019_1388_1436,0.717628
2019_1388_1437,0.3164682
2019_1388_1438,0.035627875
2019_1388_1439,0.1653653
2019_1388_1449,0.47225207
2019_1388_1458,0.13649602
2019_1388_1459,0.20326424
2019_1388_1463,0.72503304
2019_1393_1396,0.7962999
2019_1393_1397,0.15701984
2019_1393_1403,0.29072434
2019_1393_1414,0.7775357
2019_1393_1416,0.5791127
2019_1393_1429,0.5938852
2019_1393_1433,0.6653319
2019_1393_1436,0.8203626
2019_1393_1437,0.4443142
2019_1393_1438,0.058934793
2019_1393_1439,0.32897118
2019_1393_1449,0.5750269
2019_1393_1458,0.28692496
2019_1393_1459,0.37491655
2019_1393_1463,0.83204204
2019_1396_1397,0.046987332
2019_1396_1403,0.088287
2019_1396_1414,0.52183867
2019_1396_1416,0.26952878
2019_1396_1429,0.2909059
2019_1396_1433,0.36855507
2019_1396_1436,0.5408345
2019_1396_1437,0.18889438
2019_1396_1438,0.013677855
2019_1396_1439,0.08914602
2019_1396_1449,0.28579322
2019_1396_1458,0.096181914
2019_1396_1459,0.100511245
2019_1396_1463,0.5316725
2019_1397_1403,0.7373331
2019_1397_1414,0.9496045
2019_1397_1416,0.88455534
2019_1397_1429,0.8957402
2019_1397_1433,0.91715544
2019_1397_1436,0.96534425
2019_1397_1437,0.85727185
2019_1397_1438,0.10494263
2019_1397_1439,0.76887256
2019_1397_1449,0.8838906
2019_1397_1458,0.66735595
2019_1397_1459,0.865714
2019_1397_1463,0.96796554
2019_1403_1414,0.92151994
2019_1403_1416,0.7756666
2019_1403_1429,0.808529
2019_1403_1433,0.85634226
2019_1403_1436,0.93271214
2019_1403_1437,0.7156602
2019_1403_1438,0.05726761
2019_1403_1439,0.50165594
2019_1403_1449,0.79915214
2019_1403_1458,0.43498874
2019_1403_1459,0.71759933
2019_1403_1463,0.93498784
2019_1414_1416,0.24592967
2019_1414_1429,0.24546899
2019_1414_1433,0.31640163
2019_1414_1436,0.48922318
2019_1414_1437,0.1707055
2019_1414_1438,0.014459923
2019_1414_1439,0.079691894
2019_1414_1449,0.26127946
2019_1414_1458,0.09546076
2019_1414_1459,0.08988966
2019_1414_1463,0.4800215
2019_1416_1429,0.52543634
2019_1416_1433,0.6203126
2019_1416_1436,0.7301894
2019_1416_1437,0.37485564
2019_1416_1438,0.03623557
2019_1416_1439,0.2561834
2019_1416_1449,0.48841605
2019_1416_1458,0.23344333
2019_1416_1459,0.27331924
2019_1416_1463,0.7373857
2019_1429_1433,0.5869714
2019_1429_1436,0.7413354
2019_1429_1437,0.36369583
2019_1429_1438,0.0426649
2019_1429_1439,0.2295464
2019_1429_1449,0.46836615
2019_1429_1458,0.20598502
2019_1429_1459,0.24979685
2019_1429_1463,0.7483368
2019_1433_1436,0.6670407
2019_1433_1437,0.27987602
2019_1433_1438,0.03681378
2019_1433_1439,0.20984173
2019_1433_1449,0.3866335
2019_1433_1458,0.17764162
2019_1433_1459,0.21231225
2019_1433_1463,0.675172
2019_1436_1437,0.16079941
2019_1436_1438,0.009163849
2019_1436_1439,0.07242846
2019_1436_1449,0.23320799
2019_1436_1458,0.07025878
2019_1436_1459,0.07828079
2019_1436_1463,0.44532308
2019_1437_1438,0.04032328
2019_1437_1439,0.29084206
2019_1437_1449,0.6029152
2019_1437_1458,0.26497003
2019_1437_1459,0.3192218
2019_1437_1463,0.83332187
2019_1438_1439,0.93584317
2019_1438_1449,0.9636241
2019_1438_1458,0.9198765
2019_1438_1459,0.95633554
2019_1438_1463,0.9886951
2019_1439_1449,0.7627373
2019_1439_1458,0.3615771
2019_1439_1459,0.6906187
2019_1439_1463,0.9229748
2019_1449_1458,0.21946576
2019_1449_1459,0.24278699
2019_1449_1463,0.7384589
2019_1458_1459,0.74770653
2019_1458_1463,0.933605
2019_1459_1463,0.91083854
